User_ID,Name,Age,City,Membership,Device,Total_Spend,Is_Clicked
4d5463a9-5b77-4b54-a66d-22f161c85d29,Eileen Monroe,39,Charleston,Gold,Android,10348,1
2b7119d1-7a01-404a-9e7f-20a4f281ba33,Clayton Alexander,33,North Scottstad,Basic,Android,1040,0
f8794d24-27eb-4c00-ba1f-69fac37bb5a0,Mary Castaneda,30,Ericashire,Basic,iOS,921,0
e604d5df-35af-405b-8cb6-4b01099958c8,Richard Hernandez,40,West Jill,Silver,iOS,5223,1
540ae2ce-e85c-45e0-85fa-d1e787986621,James Hill,25,Micheleview,Silver,Android,4399,0
aad247bb-cf74-4ab8-b3fe-888c29655580,Robert Rodriguez,20,Freemanport,Silver,iOS,5215,1
3530bc1e-0d2f-4c20-a433-c09c76fbb4ca,Ralph Moore,28,Brownview,Silver,iOS,4244,1
0e7fdca9-e630-4fe0-8ca6-383adf00330f,Travis Barnes,32,New Roger,Basic,Web,903,0
496fa38f-7f2e-49e2-a41e-945000a11bf7,Taylor Buchanan,37,Port Brenda,Silver,iOS,5939,0
71939b7d-cd09-48d6-ace9-3856d24087e7,Lori Hernandez,18,Lake Jared,Platinum,Android,31174,0
1d6c6e8e-ce5f-46bc-b542-44fe97dc5f17,Paul Kelley,33,West Rickeyfort,Basic,iOS,1131,1
589a39c8-0ac8-48ff-9992-7d8592b94da9,Hannah Green,31,North Jasminemouth,Basic,Android,856,0
1fe861b8-702c-4388-9cf9-c024b26270fd,Sherry Serrano,28,Port Matthew,Basic,Android,1082,0
c1912a46-184e-4cf8-9de7-ab82ef3ff259,Maria Brooks,41,West Brittany,Gold,iOS,11320,1
ca4c4b54-f71c-41eb-a6bf-2b76f2418d15,Stephen Edwards,38,Wolfefort,Basic,iOS,924,1
016f049d-273a-4c67-9db7-63591f82876a,Michelle Austin,44,North Susan,Gold,Android,13858,0
aa377c3d-6107-4251-8156-733cb9e99447,Nicole Le,38,Lake Scottshire,Gold,Android,13300,0
d0ed039d-c5db-4551-86f5-6786f2ca2bca,Mr. Frederick Donovan,28,Richardfort,Silver,iOS,4050,1
f0d13eb0-91c3-4f33-ad61-4fe929709a50,Shelly Zimmerman,35,Frankside,Basic,Android,1163,1
0c3f16db-fcce-4552-a211-704db959f24f,Daniel Floyd,32,Tinaberg,Silver,Android,4457,1
82210c7c-4e9a-45d2-a0ae-ee5ecd9c9067,Anita Hansen DDS,26,Carrollborough,Platinum,Android,31600,0
971695e8-87d7-45e9-85b9-558c90693e40,Malik Garcia,29,Gonzalesfurt,Gold,iOS,13884,1
a797e62b-e7b9-4703-9d1b-1f52662f3e1f,Ryan Johnson,27,Fletcherville,Basic,iOS,1127,0
fa3ebf5c-27b5-4c33-aa28-68f12e5c134c,Jason James,31,Oliverton,Basic,Android,966,1
40f1301d-a093-43b7-a502-e0372876bb43,Kayla Roberts,31,Lake Kimchester,Platinum,iOS,30225,0
792416d4-678e-4187-82a2-35473c2f8b26,Michael Austin DDS,26,Fuenteschester,Basic,Web,1184,1
9a627032-be90-4160-b3bb-e504f490601d,Jeffery Allen,18,Port Gregoryview,Basic,iOS,1043,1
e29d53ff-db4c-4915-a118-4742576590a8,Anthony Robles MD,34,Fishershire,Basic,iOS,1163,1
e864c311-bb97-42fe-a6bf-1e24d2057cd1,Joe Wilson,34,East Sabrinabury,Platinum,iOS,32065,0
e626690c-eab6-48e4-8f1e-9d3f18f7d701,Andrew Carter,23,East Justin,Basic,Android,947,0
98852d7f-085a-43a5-bc93-57ee02334a5d,Megan Parrish,40,North Kevinbury,Basic,Android,928,1
f0fb34ec-4210-4b71-959d-ceae527f4104,Ryan Hubbard,56,New Matthew,Basic,Android,1071,1
afd6664e-2be5-4688-9ab8-fdef99ddd25b,Ashley Snyder,19,Osbornmouth,Silver,iOS,5381,1
4f5053da-c6ca-44ab-817a-8e9cd23800de,Julie West,35,Lopezmouth,Platinum,iOS,28092,1
3f325da9-f284-4a27-b954-08eb871e639b,Anthony Daniel,43,West Benjamin,Gold,Android,12142,1
05da9a88-9e07-439a-bedf-83bd6ecdda63,Megan Lopez,22,East Matthew,Basic,Android,1160,0
edbd9a1f-27d3-4bd3-b62b-145344183e44,Sarah Osborn,22,Port Jorge,Gold,Android,13858,0
9af2d56d-0605-4915-9648-80244f4206e8,Luis Ramirez,21,Brownport,Silver,iOS,4323,0
6fa585c7-f910-4733-9e34-9f8318c8bbe8,Anita Holloway,37,Nancyside,Basic,iOS,1019,0
10142e35-eb03-40b4-925b-e36ceff1975b,Michael Lowe,27,Evanstown,Silver,iOS,5424,1
ce613984-af0d-440a-a62d-b57f267287b5,Alexis Blackwell DDS,46,Lynnberg,Silver,Android,5315,0
d8323ad6-420a-4373-9a27-3b214ad9f304,Brian Hardy,26,North Robinview,Basic,iOS,906,1
49710de0-94fc-4ab6-8367-c9854032a5a3,Andre Miller,34,Alexanderberg,Gold,Android,13415,0
b55903c2-7938-44c4-9156-374a1ac087b7,Mr. Michael Miller,38,Scottton,Silver,Android,4390,0
c338db38-50c6-453b-a8f5-a34b0b015ac5,Margaret Berger,24,East Cindy,Platinum,Web,34978,1
3d9aa523-c693-44dd-b225-7e0d7a5c924b,Nancy Clements,39,Castillomouth,Basic,Web,971,0
62009b58-509c-4567-b6bc-fd75b6caa830,Kelly Kelly,26,East Tony,Gold,iOS,10413,1
8c338284-334b-4f7b-a8a0-6e0139d04abc,Rachel Christensen,19,New Jonathanport,Platinum,Android,30840,1
350e588a-ac8a-4200-ac37-bd7e14182700,Julia Sawyer MD,35,South Johnland,Gold,Android,12945,0
7f5ad77f-8d89-4d11-9b36-af3a5dd253d9,James Camacho,23,Russellbury,Basic,iOS,1123,0
9ffe239b-6928-4630-b053-675ab4286486,Suzanne Kennedy,40,South Kaylastad,Gold,Android,12969,0
e0b9077d-135c-4243-8f87-3b284dd19cc2,Ms. Jennifer Soto,73,Port Roberto,Gold,iOS,11402,1
615cd566-a16d-44bc-8440-70e117a015f6,David Thomas,30,Lake Amber,Silver,Android,4573,0
c3d963b4-7f72-4f89-be8f-ab734cd3d18d,Janet Lewis,35,Lake Debrahaven,Basic,iOS,1129,1
a36c5424-ff58-4e9c-be1d-c79bb1c647a4,Paul Mclaughlin,35,Lisaport,Gold,iOS,12589,1
196c537f-af29-4f4b-8cb7-9c3b8abfa9a5,Cory Humphrey,24,Daniellechester,Basic,Android,1016,0
7d2558ef-b6e0-40ea-8545-7ff611154472,Mary Jones,18,North Amanda,Gold,iOS,11707,1
b678c248-34d2-4903-a1c9-149dfa2e3098,Brad Durham,36,East Timothy,Basic,Web,1134,0
7f4bd678-c3a8-4ff0-a39b-f78bbfae71fe,Miranda Martinez,22,Port Jeremytown,Basic,iOS,1019,0
9f28b9c9-255a-4ef8-9050-e2b1065b1815,Charles Hernandez,31,Gillhaven,Silver,iOS,5909,0
7bf3d225-9ff1-4a2b-b999-7dd092c856f7,Adam Curry,56,East Andreafort,Silver,iOS,4711,0
0f9012ac-c826-4dbc-ae25-8a8a252a3857,Amanda Adams,45,Castroland,Basic,iOS,818,1
ad5f4868-5074-4cf3-89ad-6a74e49bbddb,David Parker,39,Port Jennifermouth,Silver,iOS,4983,0
6a441a0e-b20b-4604-a255-93d6c48eabfe,Amber Brown,42,Arianaville,Basic,iOS,959,0
7876b740-f9dc-4194-a789-24623be5c897,Caleb Thompson,30,Dustinfort,Basic,Android,1001,0
6bfffffd-35e3-42a6-b43b-2ca75c386bf5,Joseph Snow,36,Susanfort,Silver,iOS,4141,0
95ea784b-4cb9-45b6-bf9c-45326e0931ad,Nicholas Chen,35,Perkinsview,Platinum,Android,28658,0
503c0b55-b2da-4f5d-a85d-93a68b67f204,Michael Richmond,31,Fritzhaven,Silver,Android,5882,0
b48fc2c6-451e-4605-a4de-818012644e51,Carol Gonzalez,37,Annamouth,Basic,iOS,1137,1
87619805-6833-4467-a2e1-aceaae81f362,Samantha Sampson,28,Smithfort,Gold,iOS,10167,0
7830cc9e-ed7c-4b4e-aa55-632dae1e596c,Anna Davenport,43,Whiteheadmouth,Gold,Android,10953,1
5ff8b0de-ab19-4569-b063-392f52ec0a26,Mr. Joshua Rose,38,Christopherhaven,Gold,Android,14354,0
dcee895e-3da8-42df-8603-7daf18ff5831,James Smith,47,Hollandside,Basic,Web,1143,0
5463c663-0d31-4a02-a869-76800051be89,Calvin Nielsen,29,Deborahfurt,Gold,Android,10094,0
d186594c-ded2-44d1-bf73-007b5aa71097,Michelle Frank,48,Wesleychester,Basic,Android,955,1
79361f8d-40fb-48ea-853b-ce98bbd97d06,Nancy Taylor,35,Jonesfurt,Platinum,iOS,27831,0
caa5cc6e-a3a4-4fd3-a878-d5bae8158e94,Mary Schwartz,35,South Morgan,Silver,iOS,4586,1
f61016b3-1a33-455a-9cb5-9cf1895e3bd9,Mr. Zachary Knight DVM,40,North Madison,Silver,Android,5583,0
d7f9c150-6ff4-416b-878d-e48d18fb269c,Melinda Jones,34,East Howard,Basic,Android,976,0
542a2f73-c296-47f6-998e-116677fe65de,Donald Monroe DDS,26,Cervanteshaven,Basic,iOS,857,0
f5d5ed44-207d-49c2-b3a2-3230f9ed771d,Luke Owens,26,Lake Jenniferport,Basic,Android,829,0
96eda566-4cad-4d35-99aa-3c606711ba61,Julie Mitchell,37,Sandraborough,Gold,iOS,10007,0
8d20102f-44ab-4116-a543-0248c87a502b,Tim Williams,20,Port Stevenfurt,Gold,Web,14332,0
eb6d642b-6d15-4aa6-ae85-13aaef03e32b,Doris Farrell,20,Port Dennis,Basic,iOS,1110,1
c129d21f-4de8-4a18-be3c-ef1b27f40382,Brenda Wilson,43,Robinhaven,Basic,Android,804,0
a6f4bb18-a736-4680-a93e-a01513f6a6b7,Jason Sosa,33,West Elizabeth,Basic,iOS,847,0
8addcf1d-dc97-4168-82b5-b3593a9bd21b,Phillip Gordon,40,South Karenland,Platinum,iOS,27428,0
09ef6711-9cfd-46d6-8897-c239500de6c7,Jonathan Ruiz,50,Barkerside,Basic,Web,804,0
c734e3ff-2fa6-4954-900e-41a9344bd64b,Curtis Armstrong,37,Mccoyhaven,Basic,Android,1187,0
a7cf1d0b-94e4-4c26-87f5-64dd6840fc36,Melissa Garza,35,Garciaburgh,Silver,Android,4909,0
c5e37d96-ec1a-431f-a322-447235e079cf,Laura Kim,43,Mcdonaldhaven,Basic,iOS,1180,0
e6e8b53d-0ece-4315-a796-f2ecf53087dd,Jonathan Lewis,36,Jenniferburgh,Silver,Android,4554,1
5f4b64e5-337b-48c7-9ca3-2d415c652e61,Mary Torres,18,Patriciamouth,Silver,iOS,5948,0
8f4e093f-3f22-41c3-bdd9-e37494838b01,Meagan Davis,29,Port Philipland,Silver,Android,4619,0
a2f70b58-fa6d-472a-88e6-b462613da88d,Troy Sanford,26,Lake Abigailmouth,Platinum,Android,35397,0
31eb11ce-2000-472a-84c8-fd2b7014b245,Justin Ferguson,39,West Tammymouth,Silver,iOS,5865,0
850f2e59-f872-4a5a-ba46-5c7e4d24d996,Matthew Stevens,46,Victorborough,Platinum,iOS,31129,1
09e40fad-3986-484d-b3a4-b9a77fecc973,Victor Castillo,30,North Davidshire,Platinum,Android,34059,0
5aef5ec3-a38f-443c-b693-4d9f7eafdadd,Jackie Stewart,19,Port Lucas,Basic,Android,1125,0
d8bad7fc-262a-4a84-8285-ba200f3b151f,Hannah Chandler,29,Lake Julie,Platinum,Android,33227,0
ae5257be-d2c7-4fc0-af22-e5097ba5bb4f,Kimberly Walton,30,Michelleborough,Silver,iOS,5908,0
35baf8f9-f5ab-49f2-8914-c16a61a0ad7d,Erica Hood,41,Lindamouth,Basic,Android,1047,0
636041d2-5347-4a0e-8eb1-225a903a1c5c,Dana Carlson,38,Port Jenniferport,Silver,Android,5040,0
3e79dc12-4920-4fda-8414-22cf8c7a19d7,Shawn Russell,27,South Devon,Silver,Android,5753,1
70418ba8-907a-4993-ac9e-465f41313999,Suzanne Hart,41,New Autumnfurt,Gold,iOS,10254,1
7ca645fd-c5d1-4d82-806a-8b3771d41c13,Wanda Hoffman,48,Murraystad,Basic,Android,956,0
ab264e91-758c-4902-a70b-4d9ed30f636a,Richard Ryan,32,Sellersport,Silver,Android,4793,0
f68e7a20-5405-4e57-8053-020482cf8696,Angela Watkins,42,Lake Gailfurt,Gold,Web,10305,0
b0407170-84eb-45e3-928e-f067a6bee385,Monica Evans,18,Port Timothy,Silver,Web,4985,1
bb4c4d0a-038f-4bde-b84f-ab8e70d851c2,William Tran,34,Lake Stephaniefort,Silver,iOS,4151,1
24712d91-6e08-496d-9966-7dc436e6c2f2,Julia Johnson,38,New Jeffreyton,Basic,iOS,1158,0
29fcc55f-8f43-4d3e-9511-03545385fcb3,Toni White,25,Danafort,Silver,iOS,4384,1
e950a092-d084-4f00-9cfd-6b7d3ebc3abb,Scott Robinson,29,South Davidland,Basic,iOS,848,1
c1f06034-07b5-40db-a598-359ed69b9d1a,John Williams,27,Nancytown,Basic,iOS,1001,0
2313697d-f339-4358-9a21-5600ab43ef2b,April Dixon,28,Lake Jessicaport,Gold,Web,9893,1
4af82011-5274-47f7-b072-406f823fa83c,Kaitlin Grant,37,South Renee,Gold,Android,10485,1
ed215e29-54f6-4f41-a722-4c2f43e8fe3b,Victoria Johnson,32,East Johnberg,Silver,iOS,4925,0
ee515879-512e-4f22-ace3-ae8824a8a8d7,Lauren Mueller,18,Port Samuel,Basic,iOS,1085,0
867a10c0-8bb0-4c54-bfc2-a939850fcf0a,Terry Suarez,65,North William,Basic,iOS,1013,1
16db899f-e915-405c-9683-4812f4c83b1d,Aaron Sanchez,46,East Jonathan,Basic,iOS,808,1
27d7636f-1213-4363-aa34-a3829131d532,Robert Holmes,28,Veronicaside,Basic,Android,1037,0
c9bf3fa8-e766-4e30-b699-d5598da6df4c,Nicholas Morris,24,New Anthony,Gold,Android,10017,0
a2fdfeba-76b3-4049-9943-1e6dd0ee7d58,Kaylee Owens,50,South Jason,Silver,iOS,4567,1
74e59f78-90aa-4806-8f29-5596152e7871,Madeline Sullivan,40,North Williemouth,Silver,Android,4712,0
702d8d4a-06bf-498e-a609-a57a8356412e,Jose Mclean,21,North Matthew,Basic,iOS,898,1
7dfe381c-7d62-41b2-ad0c-6487c792ff4a,Erica Terry,40,Colemanton,Basic,iOS,869,0
be9d25da-c3b4-4a5c-9f1f-3a19e971d81a,Christopher Knapp,35,Farmermouth,Silver,Web,4224,0
86d17c58-cc44-4774-a629-713702516b42,Vincent Davis,26,Mariaville,Platinum,Android,33804,1
f2b8f2a7-e30b-41ca-8640-812656ed97f7,Kevin Harvey,40,Port Natalie,Platinum,Android,30859,1
922523ad-5d22-4c83-bd6a-53c502f04c20,Adam Butler,25,Andrewborough,Gold,iOS,11153,1
a0907a72-f532-4ea9-aaac-02695aceda5c,Stephanie Juarez,18,Martinezfurt,Basic,Android,915,0
2830c022-5628-4ed2-a07b-52d76d0a9733,Ashlee Barry,35,South Laurenland,Basic,Android,1013,1
ed1f2211-b76e-40af-8f07-6b3ebf3388e0,Mark Morgan,26,Williamschester,Basic,Web,928,0
789783e2-9b4a-4b5b-abd2-08b6ebaa4152,Jesse Jones,31,Port Antonio,Basic,Android,1104,0
8b4340e2-be6b-402b-bb17-22390755e017,Christina Robinson,18,West Christian,Basic,Web,1132,0
4a866877-4b78-4a59-a209-48369ebda257,Jackson Guerra,27,East Troyland,Basic,Android,1175,1
dbf119de-d270-45c6-849d-543995a7536a,Elizabeth Kim,35,Allenside,Silver,Android,4279,0
9d87437e-a27d-4f8d-bbb8-e3de313a2350,Daniel Baker,33,Johnsonside,Basic,iOS,865,0
95ac7d7c-f218-476f-8ae6-8e0538654450,Natalie Williams,37,New Raymond,Basic,Android,956,0
4688ae36-8269-4ad6-bd61-0ea9cd8fb4e9,Tracy Greer,55,New Maria,Silver,iOS,4925,1
94f1903f-ec43-4960-8e1c-20c7bf7cfc3e,Tina Hamilton,35,Peterville,Basic,Android,953,0
aabe27c7-1761-4636-b1a2-c599fdd2e0d5,Nicholas Wu,51,North Christystad,Platinum,Android,25402,0
53b353a1-e8da-4ff4-8486-ddc7b62ac0a7,Victoria Contreras,20,Meganville,Basic,Android,1048,0
61787a23-8518-4e03-a732-e0ed69ac34f4,Jerry Chapman,46,West Amy,Gold,Android,10328,0
931f8439-cfd6-4fc4-a70f-5778c635e3ab,Calvin Walters,43,Dannyburgh,Basic,Android,1104,0
425a178a-0e76-42eb-9680-8f448e348f54,Veronica Castro,26,Henryborough,Basic,Android,844,0
953fe8a2-1b84-4e76-875c-618a846c3084,Henry Wilkerson,32,South Michelle,Gold,iOS,10700,0
2b29373b-458d-4460-8cab-7a49c88ff664,Matthew Cox,25,Port Suemouth,Gold,Android,12930,0
a530cf35-9d47-43e9-a2b6-0f9490fa2524,Derek Martinez,27,Stephanieport,Basic,Web,1033,1
d2d8a42e-c30c-48e6-aab5-566e508f67f3,Mary Wilson,22,Carriestad,Silver,Web,4306,0
74fd9920-71d0-4689-aeea-db70f3973948,Edward Morales,59,Aliciafurt,Basic,Android,1172,0
23d09914-6d6c-468a-9ada-d9ab056c42f0,Shannon French,36,Timothyview,Silver,Web,5414,1
faa3a547-9c16-45be-b755-adf7d9b899bb,Mary Gomez,53,North Christophermouth,Silver,Android,5868,0
c7a9362a-ddc4-4ad4-b523-4d0fdceb1dcc,Laura Hill,48,Melissahaven,Silver,iOS,5969,0
257173c8-904c-4efa-ace7-9229837987ac,Claire Miller,35,Bishopville,Silver,iOS,4109,1
245d0225-93f9-4a2f-a8c6-9bf4424f0b79,Lisa Reyes,45,Lake Richard,Gold,iOS,11200,1
7113e9ba-9758-4078-a551-57e44a021430,James Ho,43,Port Peterstad,Basic,iOS,1095,0
0755cc99-52bf-4543-8092-f8c82e9f6b0b,Jose Kaiser,35,Port Bryan,Basic,Android,856,1
6dc595d7-9aa2-45c2-b864-23abf64267bb,Lisa Patel,18,Port Christian,Platinum,iOS,30967,0
3696e4b9-4c62-43b9-ab8f-5a895c90e7c0,Laura Richard,34,Bishopchester,Basic,Android,871,0
0ce2cd4d-9cd7-434c-995c-2275eaec6eca,Thomas Smith,32,West Jamie,Basic,Web,1000,0
4772dc2d-3c6d-4adc-bd76-d1e10e3f3d78,Randy Gould,23,Haleville,Basic,Android,883,0
5dbddf50-5eec-4290-b2ae-923fedcbd417,Stephanie Johnson,29,East Ashleyfurt,Basic,Android,1025,1
1f545195-a9d4-4348-b25c-de03395138ca,Jennifer Gregory,29,Christinafort,Gold,Android,12117,1
5d1f8e36-5d0d-4d38-a88c-21222fbcf63d,David Steele,47,Virginiaton,Basic,iOS,1144,0
b70d5a8f-5a4c-44af-bd28-2dd693fcda50,Brittany Davis,18,East Markland,Basic,iOS,1057,1
871c2f34-c8f8-43b9-b2f1-ff8a1602b73e,Brandon Hunter,44,Port Patrick,Basic,iOS,892,0
52af938c-4cfa-4676-9179-07e55d7a7202,Dennis Smith,47,Lake Andrew,Basic,iOS,1119,1
f8222415-1689-4ce0-8287-9e510cb026f7,Kristina Evans,22,West Jennatown,Basic,iOS,1088,0
c855dc12-0121-455c-a404-c753e04ff9a1,Mr. Jesse Jackson,42,Port Richardborough,Gold,iOS,12806,1
3b3069d7-ceb3-46ca-8e7d-6e6dd63ef32c,Stephanie Carter,40,Howardtown,Basic,iOS,883,1
79244d38-b119-4fb2-9e40-55f7e327c006,David Vance,31,North Angelaland,Basic,Android,968,0
70b8dd65-f78c-408b-ab41-b112d2e7756c,Amy Martinez,29,Steveburgh,Basic,iOS,1036,1
2affde4f-96d7-4118-b651-0681f0421581,Nicholas Phillips,45,Michaelville,Silver,iOS,5104,0
3ce0ede7-3da8-4216-8e3a-686ff44bb005,Ashley Watkins,37,New Dillon,Gold,iOS,13768,0
b7f6e8ad-e599-49dd-9ab7-66d2644dd674,Dean Diaz,34,East Hannah,Gold,Android,11641,1
56630ebc-7559-468f-8181-795195a03e9a,Nicholas Roberts,38,North Elizabethview,Silver,iOS,4278,0
c988e337-740b-49bd-8b7f-1696065b1516,Vickie Hampton,18,Perkinsfort,Platinum,Android,26060,1
b70ba4df-1f83-4de1-a598-353f84c1edce,Robert Williams,36,Matthewmouth,Basic,Android,1060,0
f9884d67-a32e-4cbe-96fe-b7654fef9782,Benjamin Martinez,25,Trevorberg,Basic,iOS,854,0
a97bcda7-8c36-40f3-931d-a49011370a5f,Rebecca Watson,37,North Michaelfurt,Silver,Android,4350,0
aa2002c1-ea18-4cb6-a0b9-f6e577475e1e,Brandon Malone,44,Lake Veronicafort,Silver,iOS,5037,1
bbacff33-47ed-454d-b954-284725c81cd8,Angela Meyers,40,Onealview,Basic,Android,898,0
f11954b3-8da1-4860-b13e-e4463bdb8355,Jonathan Payne,27,East Alisha,Basic,iOS,1087,1
8405cb43-5428-4477-9541-93d74a7f4d11,Crystal Kennedy,25,Robertchester,Silver,Web,5465,1
23a3e213-dd5c-4d25-b46c-2beab40c39e0,Adam Castaneda,61,North Ian,Basic,iOS,1038,1
811242b8-8a3b-49c9-af52-d8ca4896d416,Sharon Valdez,60,Josephstad,Basic,Android,842,1
7e6c620d-ebd9-4839-a96c-a2272393ad4f,Megan Hunter,34,Adamsborough,Gold,Android,12904,0
d7a7efc5-71ec-425b-8102-c03401c6036a,Rita Jones,42,Laurenton,Gold,Android,10906,0
2a969441-8281-4cba-8ec4-ff2c0b961c48,Grace Nelson,29,South Brian,Basic,iOS,1166,1
c174e50b-5c04-4f60-a372-1eae0c0b2435,Gregory Fitzgerald,34,Conradville,Basic,Android,1149,0
9c241400-352d-4782-bb04-bec9cd0524fb,Brandon Sawyer,41,North Linda,Gold,Android,12922,0
e70756e0-a5de-4129-9ed0-37a82a845a8e,Steven Ward,34,Hansenhaven,Basic,Web,1177,1
fe8786f3-7ddb-4558-955a-512af39e89ed,Mrs. Grace Graham,18,Hortonland,Gold,Web,10466,0
b6b39d9a-f880-45d9-b92e-0f8b75bc8d3a,Katie Ramirez,24,Veronicaton,Platinum,Web,35331,1
91949441-017e-4b8a-9556-cf16a8c0a255,Ronald Brown,45,Lake Anthonyside,Gold,Android,11131,0
e1a61cad-d169-4516-aaee-d003499510cf,Melanie Decker,35,West Paulport,Basic,iOS,830,0
daae8883-3a39-4c52-ac3e-64a3d2786d4a,Kari Harrison,30,Harveyburgh,Basic,Android,826,0
0390fcc1-297f-4ff4-a1b3-c701d9618345,Nicholas Hines,49,West Cheryl,Basic,Android,1154,0
cd14b30c-abcf-4696-a5c6-9bc30eb7c66f,Cassandra Burgess,36,South Steven,Basic,iOS,1148,1
4575852a-2381-4e4a-b2b1-f5f354e026e3,Kathleen Mahoney,35,Yorktown,Platinum,Android,35975,0
5ae2e348-86b6-4220-bfe7-c47b8e14150c,Sherry Wilson,45,North Mario,Gold,iOS,11903,0
f4e1db7e-7abd-49f9-96f1-5417999d17a6,Emily Solis,30,Crystalmouth,Silver,Android,4477,1
1efddd1a-d3c4-463a-8af4-954ea0014216,Tanya Dawson,49,Victoriaview,Basic,iOS,918,1
dc38e9da-7124-42db-bae6-ba58e29494cd,Michael Bender,34,North Ronald,Basic,Android,887,0
b7ffcedf-73a4-4f3b-bb83-5e5e2e720524,Shane Gallegos,37,Debrafort,Gold,iOS,11604,0
e40a2e26-ff33-4cc6-93ef-31aa01d9d376,Alyssa Higgins,34,Port Chris,Silver,iOS,5982,1
e7b3b434-d45d-444d-a30e-965d9bcee008,Susan Hernandez,41,Shelleyshire,Platinum,Android,31292,0
9d182df2-fd79-442b-9386-1424940fc8cf,Larry Taylor,28,Olsenside,Basic,iOS,1111,1
3dbe54e2-7be0-48e5-831d-aa4d7e4ca8ee,Anna Morgan,29,Elizabethfort,Basic,Web,1153,0
06910fd4-994f-4f6f-9a81-203a0c529883,James Yates,49,New Maryland,Silver,iOS,5631,1
c3dc0124-b918-431d-abad-5d7eed0b2f43,Darrell Parks,29,Port Mckenzie,Basic,Android,1037,0
35f708e7-2a0e-4ca2-b908-159fb5ef5038,John Davis,28,Gregorybury,Gold,Web,13738,0
d7716a9c-459a-45f8-89af-51207d229d71,Sarah Mullen,31,North Jessicaport,Silver,Android,4173,0
fd4f1b2b-8b71-428a-9f3c-d1dd1423c68d,Carolyn Bell,21,Lake Dominicborough,Gold,Android,9989,1
50301ab8-6bd3-4b82-a776-c79777e03bc8,Lisa Baldwin,27,Lindachester,Silver,iOS,5702,1
bff23fb9-fce2-46c2-866d-2493b5df4729,Robert Miller,60,Stephenberg,Gold,iOS,12854,0
d5bdbbbd-4ba4-44d9-a780-d21fd3286d82,Dawn Wilson,29,Jenniferchester,Basic,Android,1118,0
87c8ae5f-8d2f-4244-a6b9-8d5ebb97974b,Jenna Williams,43,Jeffreyhaven,Silver,Android,5237,0
6714fd2c-7c77-4ecc-9ddb-9bb3c9f87632,Travis Roth,40,Port Ronald,Basic,Android,1148,1
bc86d6ce-4762-4f90-8b73-94f028bbe010,Mindy Payne,33,Danielside,Basic,Android,864,0
9998221a-a305-423e-a6cb-232a36dcaf58,Melissa Obrien,36,East James,Gold,Android,9630,1
0f84ca0f-6fda-4d72-8ffd-a8b9ac2f22e0,Stephanie Ward,36,South Markchester,Silver,iOS,5268,0
304743f8-71bd-4bd5-8b72-1edca9ffc1fc,Emma Johnson,35,Justinburgh,Gold,iOS,13252,0
db43e6a6-d63d-4cf0-af03-704e1897d411,Eric Gonzalez,34,New Devonside,Silver,Web,4205,0
61ff7da5-3e5c-4448-915b-0370a6b7e058,Scott Avila,37,Port Justinport,Silver,iOS,4601,0
38da9b0b-3e2c-4cb7-9f3f-d6ebddf0cba5,Sue Medina,36,Port Michael,Basic,Android,818,0
53f0c19b-c050-49ce-9327-cd24ebb3ece9,Alexis Monroe,27,Port Thomasborough,Platinum,Web,32995,1
447d3eac-0e7c-4f2e-bd31-869281cf6270,Daniel Davis,50,Taylorfort,Silver,iOS,4547,0
dceeca5c-cba1-4542-9236-a4962085845e,Jordan Peterson,34,Port Johnborough,Silver,Android,4327,0
23317642-23bd-4eb6-b022-8e6d702c0c69,Anna Thompson,24,Lake Blake,Basic,Android,1061,1
c8eee5ea-1cd9-4402-aebe-1d78bbc51f1a,Robin Ramirez,42,West Jay,Platinum,iOS,29188,0
50fa36d0-63a7-413f-aaf6-fa4caf79baaf,Ashley Hernandez,53,New Robertberg,Basic,iOS,1193,0
2ac2041b-14c3-4ec4-a806-3e212d08e32e,Jonathan Mcbride,24,Gregoryhaven,Gold,iOS,10622,1
fa4df26b-11cb-47aa-a765-a0c4704b9d75,Kimberly Foster MD,22,East Davidfurt,Gold,Android,14247,1
de166574-daa2-4f87-8407-cc1787ce1c40,Laura Thomas,49,East Kristenhaven,Gold,Android,13300,0
28f15ce8-6fac-4240-8ac1-373029da92fe,Michael Schneider,41,New Michael,Basic,iOS,1168,0
c9dd5103-dec2-4424-b7f3-c323f7df7fd1,Kyle Lee,48,Castanedastad,Gold,Android,10163,1
c30cb62a-05b3-4d6d-99cb-b35180c918ac,Erica Vega DDS,28,South Carlamouth,Basic,Android,825,0
f18f8e2e-7459-4884-bdde-4d39e71ebf35,Ms. Chelsea Davies,53,New Thomashaven,Basic,Android,924,0
5694e4b7-a93f-42c9-80e8-1b28c86794ae,Colleen Melendez DVM,30,New Ryan,Silver,iOS,5389,0
66206bb2-e1cc-419b-a84e-a5718c6058b4,Albert Conner,18,Hunterchester,Gold,iOS,11906,1
8801787d-2d4f-43c7-87a6-8f0972e6c5a2,Chelsea Porter,34,Simsville,Silver,Android,5119,1
e20d0715-663b-4785-9745-580ba454b06d,Terri King,23,Davishaven,Basic,Android,835,1
eee75019-c52e-4cca-aebe-0af1b4a0a11f,Anna Myers,24,Angelatown,Silver,Android,5601,1
e68e3c0c-4776-41f0-a0c9-b522dbd8c2f8,Jasmine Vazquez,32,Maureenport,Basic,iOS,1054,0
8abe42f6-21cd-4df9-a87a-5ff423454a0a,Ralph Evans,35,Duncanmouth,Gold,Android,13027,0
6cfe902b-1a31-4b3f-a626-513e1b3b7ed3,George Myers,28,North Catherine,Basic,Android,832,0
bfa54f09-689d-41e8-8077-36f77ce3e260,Robert Daniels,48,Port Kristinview,Silver,Android,5052,0
8d2ddb0d-4861-4178-9a55-92e32b91edc8,Amanda Smith,36,South Brianburgh,Basic,iOS,898,1
cf27231a-2ec7-42d4-805c-af9bf7cc55bb,James West,31,North Donnamouth,Platinum,iOS,26185,0
5cad22c9-ed3f-42ec-b327-6b0c118505b5,Joseph Vance,39,Hillton,Silver,Android,5110,0
dc7b13c2-8cef-4a5e-be54-19555794a91d,Wendy Stark,35,West Kennethfurt,Basic,Android,828,1
d4438287-4f8f-4bd0-8fc4-e7e155ee4f66,Patricia Silva,36,East Bobby,Basic,Android,1147,0
e119bc19-5f66-44e0-8c4c-955429280c55,Randy Stanley,30,Port Rickyview,Basic,iOS,1195,1
d8b2025f-58fd-426c-afee-a3aaf9801896,Laura Osborne,50,Williamshire,Gold,Android,11705,0
e5787782-4fe3-4559-bbcd-33e55eef60ad,David Cochran,45,South Jordanside,Platinum,iOS,27321,0
d13d26c6-24e9-4662-9a47-c45ebcc9e4c4,Janice Dean,34,Kennethshire,Platinum,iOS,31475,0
f8865f99-71c9-428f-806b-8041c04dfd2f,Jamie Hernandez,28,Danielleburgh,Gold,Web,10462,1
caa66da1-389a-4cb6-bcd9-935d06e7e0b3,Michael Ellis,38,Port John,Platinum,iOS,34252,0
677f487f-bc7d-4698-8970-89bf84d2648c,Jeffrey Kline DDS,40,South Jonathantown,Silver,Android,4718,0
20cfe702-1e80-4562-8354-eda98efc6185,Edward Peterson,31,Garzamouth,Basic,iOS,1187,1
a8f1c9fb-ed4f-45d1-bcc4-3ed55d556b67,Timothy Martin,22,Johnview,Gold,iOS,14255,1
e862a7a6-d63f-4331-a13b-a48e4c750423,Peter Schmidt,46,Wilsonstad,Basic,iOS,867,0
53b7de1a-b9d7-4245-84ab-e329da6844b6,Anthony Brown,44,Mejiahaven,Silver,iOS,5234,0
0a4bf196-ab17-4cfb-a597-46584b86a0d5,Andrew Melendez,30,North Joel,Basic,iOS,814,0
1dd3555a-fabf-4ebf-abe8-b59f11a85551,Dr. Christopher Walker,31,Nealbury,Gold,Android,12409,0
1e1b3479-bf48-4b80-8e44-aa4b42112466,David Baker,55,New Daniel,Basic,iOS,907,1
6e4a7faa-51e9-4f69-adec-ce98ed9a87e9,Erin Moore,42,South Jeremy,Basic,iOS,980,0
b941ac9e-24c6-40f7-a569-d3d8c1148900,Tammy Garcia,35,Noahside,Basic,Android,816,1
f0c97a47-5f9a-4453-89e3-dca75fe416a9,Jenna Smith,44,Lake Brentfort,Silver,Android,4977,0
1c499f11-3170-4d63-babe-37910127676d,Kyle Snyder,38,Petershire,Basic,iOS,923,0
2b1c2f04-530c-458a-9ebf-386641579bd5,Brandi Chavez,41,North Brent,Platinum,iOS,32071,0
b5df613c-bec8-4e8d-9631-f5d4a85f10d5,Laura Smith,24,South Theresa,Gold,iOS,12924,0
52a1b127-e283-4f61-ae37-9b53278f9e8e,Theresa Nichols,36,Port Nathanport,Silver,Android,5737,0
1cb09183-0904-42a4-bac4-a8a01035cfc7,Jasmine Phillips,38,East Joelport,Basic,Web,1075,0
2f1c97c4-971f-4810-ae5f-1c9069e29ecd,Mark Hopkins,41,North Thomas,Basic,Android,842,0
d11b2899-fdaf-4116-8d8b-f41672f163b0,Caleb Collins,23,Robertsberg,Platinum,iOS,35726,1
3a521b32-b47d-4d96-852c-b3d56f89190a,Mark Harris,38,Castanedahaven,Silver,Android,5757,0
93c47ddf-10be-4a69-9b56-6a2fcd314580,Angela Medina,39,Connorview,Basic,Android,1123,0
eb3ee26e-ab10-420c-9252-0381d173d017,Mark White,32,Lake Diane,Gold,iOS,12213,1
dfc81727-870c-43e0-bad0-5754411fb32f,Edward Hernandez,48,Singhburgh,Basic,iOS,958,0
da0aa7ce-e7a9-4def-823a-10943f031797,Austin Herrera,25,Patrickside,Basic,iOS,890,1
4e66bbad-416c-442a-b252-daaff93fbe06,Catherine Bailey,18,East Kevinhaven,Silver,Android,5238,1
d20a7357-340a-439b-9304-04c2235e6424,Riley Huffman,44,Martinport,Silver,Android,4051,0
16bc4fc5-86db-4dd7-bed0-30558179421c,Sandra Kelly,31,West Tylerton,Basic,iOS,1032,0
196df7e7-ce34-42bf-845e-7e7619a52970,Alec Gomez,48,Carlsonfort,Gold,Android,14186,1
3b376829-6e33-4b11-9856-612e38dfa457,Jacob Lopez,40,Matatown,Basic,iOS,1058,0
e5c4c9bf-82cc-403b-8113-82933584a294,Theresa Taylor,36,New Stevenland,Basic,Web,940,1
90610cf3-7cba-4447-b299-cfba54a8d5a3,Jeremy Farley,34,Jacksonbury,Silver,iOS,4569,1
c27b9d95-413a-47fd-ac14-e2314f74326a,Andrea Parker,36,Nathanton,Basic,Android,1086,1
530fc8ba-989f-49f6-ba95-9d5d2b35bd2d,Christopher Butler,48,Kylechester,Silver,iOS,4362,0
174e4641-4dc7-436e-9729-fb7526a522e3,Joshua Meyers,36,North Cindybury,Gold,iOS,12323,1
bbc9f318-75bf-4d16-ae0a-2e023e301ed1,Margaret Serrano,21,Websterfort,Platinum,Android,33671,0
c1e9922e-b9a1-4d30-94ff-bfda3522bbc2,Susan Smith,36,Dianashire,Platinum,Android,33830,0
a3e9d863-d1e8-4cf6-a8d7-6ea39b7183e6,Dakota Cunningham,30,Port Williamport,Basic,iOS,1044,0
4f1f45c6-0dda-44d0-bee6-0108d46b5cc5,Dawn Watson,22,Robinburgh,Gold,iOS,13548,1
01f3b3fb-18de-463d-a019-e59b79ba60c5,Jane Frederick,28,Port Thomasstad,Silver,iOS,5247,1
f3479d75-d516-4229-a95c-27e42d46a7eb,Jennifer Hanson,23,North Terri,Gold,Android,10640,1
c2325d6d-c8f4-4fb6-92da-98ef20d2c3af,Jeffrey Garcia,38,Port Danieltown,Basic,Android,1042,0
641aa972-b211-441b-a688-26756eaa1c29,David Stafford,29,South David,Silver,Android,5975,1
cd759728-3e90-4005-bd45-3056064ca3dc,Cindy Wallace,21,Kirbymouth,Silver,iOS,4856,0
79eeec53-5d69-4ec0-a575-f80cdd760338,Maria Harmon,40,Smithchester,Basic,iOS,834,0
a908c52e-aa59-4b1f-a292-a151fd46e71a,Jessica Clay,51,New Erinborough,Basic,iOS,890,1
96647cc1-e258-4a04-b8d6-0864ead1f6d0,Elijah Krause,35,Andersonstad,Basic,Android,893,0
ee6d4c6a-bb8f-4391-a0ec-886d5da79e7e,Jordan Morton,27,North Cynthiaburgh,Gold,Android,12158,1
d63776fb-c14a-415e-b83c-18ff36894fca,Ronald Hoffman,47,East Jeremyport,Platinum,Android,30693,0
36d3921f-035c-46d9-8ff8-08ded30430b1,Anne Chapman,22,South Jesseville,Silver,iOS,5124,0
5c3814b4-b22c-462a-bec7-46385884006e,Nicole Thomas,40,Brittanyfurt,Basic,Android,838,0
44f146e7-01c6-4e10-97c7-545d603f8a9b,Seth Harris,25,New Bethany,Gold,iOS,12791,0
89007428-638b-483c-ba37-b26fa4145754,Jessica Webb,24,Wallaceview,Platinum,Web,30479,0
98614f41-abc8-41ac-9329-4c8cb5f5d126,Austin Rowland,31,Payneland,Silver,Android,4178,0
7f0af0aa-8e44-40c9-af07-2bf23aa26f8f,Erika Lamb,36,Port James,Gold,Android,9773,0
d05acc54-23a2-4f4e-9544-8e60c4f0ca80,Rodney Burgess,33,Port Joberg,Basic,iOS,835,0
c138b387-46d7-4a77-86ed-d5ff2f512512,Maria Sosa,18,Bethmouth,Basic,iOS,1040,1
9f02645f-8471-4431-a6f6-77ddfeecc14e,David Lee,40,Palmerview,Platinum,Android,35905,0
b3fd6a3f-8aa6-4bdc-9c31-d7482387c231,Sharon Lopez,35,Lanetown,Basic,Android,1147,0
5e54fab9-f219-4865-9bbd-7adaac401a1d,Jennifer Cook,34,South Mary,Gold,iOS,9988,0
a8a0b8d1-56f0-47f9-9f8a-304d8606091e,John Lane,40,East Joe,Basic,Web,1056,0
21acdf12-1868-4255-a201-bf8d38f21b94,George Hawkins,26,Brianfurt,Basic,Android,1169,1
e08effbd-e434-4ed2-aac1-7d226d3dd75c,Lee Richards,48,North Prestonberg,Basic,Android,959,1
f5b13c3c-0650-4bf0-a591-edf6ad628310,Joseph Baker,40,Lake Barbarabury,Basic,iOS,810,1
c3abf33c-bd3b-41da-9d94-85ed19f64035,Yesenia Ramos,35,East Larry,Platinum,iOS,27741,0
d8128fa4-915c-400e-92d4-ecf1fe8dd5db,Kaylee Lewis,40,Hoffmanside,Silver,iOS,5281,1
3f6d5d14-d8ce-4561-ba17-1c0ebc501a75,Travis Murray,50,Rebeccaton,Basic,iOS,1112,0
9823f552-3e32-49f7-80bb-c1a3ba674967,Mrs. Misty Petty,47,South Alisonfort,Basic,Web,823,0
55ae4f80-01b7-40f2-8153-5e85a52b1a4b,Seth Murphy,28,Lake Michaelshire,Silver,iOS,5018,0
b84424c2-215a-4c90-a19b-2a65ad9163dd,John Larson,31,Jayton,Gold,Android,11070,0
9115ef9e-caab-4474-897d-c4926ef2eb7f,William Schaefer,18,Andersonbury,Basic,Android,979,1
7f574e2e-38ef-4f39-9bb9-4fb248d6c96d,Dylan Little,44,New Jacob,Basic,iOS,1131,0
d148ef12-e087-460b-80d4-0b4da74506f2,Joshua Gallagher,29,Perezmouth,Basic,iOS,1104,1
1d154ba7-66d5-49e9-afda-9a80a1297abc,Spencer Schaefer,18,Audreymouth,Silver,iOS,4024,1
065888c6-b378-40b6-bdd7-d354b89ba54d,Molly Hodges,34,North Juanmouth,Basic,Android,981,0
201ba2c7-75d0-4604-97b9-f8956bf40528,Sarah Stewart,40,New Katherinefurt,Basic,Android,860,0
a7fff651-4c8e-4645-8583-5b1f06737ad0,Megan Holt,33,South Kristenview,Basic,iOS,983,0
e17b1002-ea0f-46b5-a606-557db5a26627,Amber Reid,52,Lake Kyle,Gold,Web,13377,0
6836a8ad-cd77-4b82-a02a-b6d72bb6db9c,Karen Miller,28,Port Scottview,Basic,Android,815,0
4eabeab9-afbe-41c3-99d0-bdb947221a2d,Carlos Young,53,Gilbertberg,Silver,Android,5318,0
f3cd82e7-5c08-4e30-b36e-12dcb658ac05,Eric Gibson,48,North Michaelshire,Basic,Android,860,0
1be47af6-ea93-4c46-8fa6-fc75cabc1234,Mark Phillips,50,Johnsonhaven,Silver,Android,4083,1
20523420-0446-4102-abc8-06e9d6b14cde,Daniel White,31,South Michael,Basic,iOS,1182,0
659163f4-1038-4d3f-87c7-a7de524325df,Laura Harris,36,Port Michaelburgh,Basic,iOS,939,0
14aa105e-f36a-41ac-91d3-9ed6298f26cb,Barbara Fleming,24,South Lindatown,Basic,iOS,1064,0
ec32eca1-e6c1-4627-a299-af77fdd89a29,Michele Alvarez,40,Lake Saramouth,Basic,iOS,832,0
e5616f82-7aab-4bba-989b-bdeaccf04cec,Jennifer Collins,44,South Donaldbury,Silver,iOS,4411,1
7f1acf62-1ce6-4311-916b-550af5578d4d,Steven Nelson,27,South Kerritown,Silver,Android,5287,0
7441fd41-33ab-4def-98cf-39250f70b2d0,Benjamin Reilly,28,East Frank,Platinum,Android,30989,0
97693dd9-ca5b-4ce8-abc0-5602e7e994eb,Paul Ward,44,East Daniel,Gold,Android,10214,0
8bcabb76-bf06-40ca-a429-97efb544c639,Kenneth Chandler,24,Hallside,Silver,Android,5886,1
9f015092-3ad3-4ae6-9f39-dc1bf3625571,Stephanie Smith,18,Connorhaven,Basic,iOS,1154,0
000a2169-899e-47c2-bdb7-c0e524ea978b,Ashley Phillips,43,Timothyfurt,Gold,Android,14010,1
86ed3a34-5276-4603-90ea-4e766f81d226,Elizabeth Becker,29,Moyermouth,Gold,Android,13641,0
78a5dfa4-0dca-49f6-aae0-87904cf8bfd7,Kayla Thompson,41,Johnnytown,Basic,Android,1193,0
81b21af5-1a89-45e6-a080-c0d995535232,Suzanne Davis,46,West Sara,Basic,iOS,852,0
3cae8b3a-124d-4696-8e96-3f83d2774c6a,William Lindsey,29,Port Nathan,Silver,Android,5465,0
f4551d9b-c536-49b4-886b-ac331e272102,Kelly Mcdaniel,40,Tuckershire,Silver,Android,4595,0
9d7a3c5a-2c74-410c-9fbb-140d8bf432c7,Brandon Thompson,42,Lake Brandi,Silver,Android,4320,0
a398d4c6-92e4-4101-93ad-1c87b86edbe5,Kenneth Gross,38,North Baileytown,Basic,iOS,1090,0
ea858492-2236-4f96-a673-118e0ffbceb1,Loretta Graham,32,Deanborough,Gold,iOS,12264,0
a80787be-b33f-4019-b2c4-28bcf46b23a9,Catherine Carroll,26,Evansborough,Silver,iOS,4710,0
bcede215-eb0f-4e74-ad82-24c56f917540,John Ochoa,33,Brownside,Gold,iOS,13179,1
14f43380-6505-421e-b693-8010b64ffb42,Austin Butler,35,East Robert,Platinum,iOS,27923,1
2b579093-1eeb-4d27-bf83-fd8c410e8e6c,Angela Moore,42,Sydneyshire,Platinum,iOS,29383,0
1726cbba-f2c4-458b-b93d-2edba1d7f224,Michelle Russell,31,South Jennifermouth,Gold,Android,11479,0
a14defe1-efff-4ac8-ae62-4ca3bef6d272,Jessica Klein,19,East Paulhaven,Gold,iOS,12423,1
60997eb2-7d6d-47b0-916b-7131f5911b68,Donna Moore,47,Taylorfort,Silver,iOS,5159,0
f5ea5211-7e30-4b47-8a77-751c2961cbc3,Jennifer Cervantes,55,West Leslie,Silver,Android,4539,0
5d431814-e824-49da-93b6-63e6e2c305c8,Stephanie Odom,47,West Chase,Silver,iOS,4117,1
5a8791d3-d592-4427-bef1-1377f4b16f34,Brandon Turner,41,Murphystad,Gold,Android,11712,1
c77e88d1-c834-4e87-b921-0234b567e3d5,Anthony Tucker,44,New Nicholasborough,Basic,iOS,835,1
57ca7317-4d22-4b46-a41e-41cbea8170cd,Sandy Lee,50,North Roseland,Platinum,Web,31710,0
80f8a5e8-f301-4874-b68b-042f31ed9791,Angela Walker,41,West Matthew,Silver,Android,4236,0
1f402324-3056-4ca5-a0b9-1585c2df1cbe,Samuel Osborne,31,Lake Elizabethchester,Silver,Android,4368,0
4cc34b6b-9960-4a2f-a77b-a75dd3728121,Crystal Hernandez,45,North Cassandra,Basic,iOS,809,0
7b2b00b1-88fc-462a-a726-1c7cee24691f,Ann Callahan,36,Willisport,Basic,Web,903,0
f20f6533-8fee-4f08-b6d6-e20d9b1ffc84,William Barker,18,New Robertchester,Gold,Android,10493,0
2ef86539-6279-4bd2-8f60-2093b76e59b2,James Stout,23,Davidport,Basic,iOS,1091,1
e9a9b115-6e8b-4516-bf48-c2d0c658bf72,Patrick Avery,18,East Wendy,Silver,Android,5531,1
0e6b277f-4637-4e0b-950f-39c85f5de709,David Carlson,25,Lake Russellborough,Gold,Android,14191,1
87a47c5b-aab0-4b65-8e86-3375db43d818,Tiffany Sims,38,Nicolemouth,Basic,iOS,904,1
4f2feafc-1bbf-4af9-a2b6-58ebacdb58ee,April Love,32,Claytontown,Basic,Android,979,0
295e7556-84bd-487e-8812-01cfcef77629,Larry Smith,38,Bobmouth,Basic,Android,813,1
ca5323e2-7129-4f44-a59c-8da1f89b9076,Lori Patrick,18,Lake Deanna,Basic,Android,808,0
c1775def-a631-4b45-8793-709cfe28c815,Jesse Smith,43,Lake Renee,Platinum,Android,35241,1
e3809b5a-875b-41a9-ab96-5485fa05938e,April Vaughan,19,Michaeltown,Gold,Web,10831,0
d8b9a221-364e-4fab-a1b9-32d8e069b371,Faith Reilly,29,Robinsonberg,Basic,Android,985,0
d4f2a8d1-3121-4ca6-ac3e-1662c2e61d7d,Miguel Robinson,18,North Corey,Basic,iOS,890,1
5f034d43-a399-41d7-8d56-8254e68df863,Heidi Gutierrez,46,West Markborough,Gold,Android,12112,1
2d130302-bd0a-4948-a27e-b07ddcb75570,John Young,39,South Kevin,Basic,Android,1017,1
032b9f60-7967-4c33-abac-b77c08aedc0c,Frances Hawkins,41,Saundersview,Silver,Android,4331,0
64fbf659-d720-4dd1-b8d5-d7285cfbd4b4,Lee Anderson,39,Florestown,Silver,iOS,5301,0
8cb26756-398d-4471-b526-0fcff6928aa9,Carlos Wade,44,Sarahchester,Basic,Android,1122,0
c4d052fe-819c-4fdc-b1cf-c395509b19b5,Debra Roth,28,East Ricardomouth,Basic,iOS,1102,1
1e806a03-212e-4455-8328-7ed76f461746,Meredith Ochoa,27,North Alexanderfurt,Basic,Android,1151,0
547143c1-3ed8-4cff-9b81-05e32b653932,Eric Henderson,32,New Crystalfurt,Platinum,Android,24326,1
65cba162-ae56-43fe-8ef5-d3b260ce0c61,Julian Copeland,19,Townsendport,Silver,Web,5077,1
814ac68c-254c-431f-9cba-37eddb5f1a22,Tammy Blevins,37,Curtismouth,Gold,iOS,13322,0
e00d082f-eca1-4856-92a6-9640d610769a,Ms. Rebecca Hunter,27,Meyertown,Basic,Android,914,0
90a97570-dd7e-45ea-9f4c-cad93c147cd8,Scott Bryant,53,Danielmouth,Gold,iOS,13992,0
41e8d950-6ad8-46c9-aee4-fb1bebbe3441,David Morris,45,East Mike,Basic,Android,1117,0
9e7b67a8-94db-4231-bb43-72b6950c85ab,Roger Lopez,31,Cainmouth,Basic,Android,1061,1
6dd28366-2675-409b-a772-ddc7caaa6235,Craig Mooney,30,Olsonport,Silver,Android,4166,0
b783fbfe-817c-4959-b551-c624d187b388,David Potter,35,Lake Jessicaland,Platinum,iOS,35809,0
3421dfc1-75bd-4ec9-a9e5-2d1647f6b501,Edward Smith,49,Kevinborough,Silver,iOS,5763,0
9a08ed11-d4e5-40b0-984c-c1ca7b5e18eb,Helen Benson,46,Williammouth,Gold,Android,9981,0
142bcdf4-5ee2-4847-9dee-4664c66f9e04,Tammy Ward,60,Blankenshipland,Basic,Android,1127,0
e7099023-e5ca-49a9-9fd4-c417e0b9282b,Andrew Brown,24,Port Danielmouth,Silver,Android,4918,1
4f9a0926-71de-451d-bab8-3d5db1a2fd6d,Willie Taylor,46,West Leslieview,Silver,Android,4670,1
6b016265-10b6-4c29-b32a-05117ab142a6,Daniel Villarreal,43,Braystad,Basic,iOS,856,1
17548242-93de-4a01-b12e-8cf151a704d5,Austin Smith,40,Suzannestad,Silver,Android,5302,0
aecaca6a-d439-4a78-a039-67dae44877b9,Kari Jordan,44,South Ronald,Silver,Web,5268,1
43c23b1c-9f08-473e-affb-dc96adbbcd2d,Michael Morales,30,Prattchester,Silver,iOS,5372,1
1482f106-6610-4192-8e29-b64a69b4754a,Cynthia Nichols,37,Evansfort,Basic,Android,911,0
e87d6ed5-b207-42a5-8732-e3e2f38e42eb,Holly Clark,32,North Marc,Silver,Android,4610,1
567584fb-ea3e-49e2-b112-f7ca6db9db51,Robert Mclaughlin,40,West Richardport,Gold,Android,13384,0
79ce2cb4-9374-4b1a-824c-2e141502bb14,Michael Hernandez,36,Natalieville,Basic,Web,1068,0
954c297c-a791-4fd6-accb-94751cf9a53e,Beth Stephens,33,North Johnberg,Silver,Android,5093,0
cc856eab-c378-43aa-a79c-84b1178342c4,Amanda Harrell,25,Kellyville,Platinum,iOS,29070,1
58c347f9-755f-4820-8c8f-6be0d7627ad3,Jamie Salinas,38,Brooksfort,Basic,Android,916,0
bbff6481-b6c2-4077-be82-a49fb252f985,Darren Briggs,36,Nicoletown,Gold,Android,9686,0
0defc21f-5d4c-4d58-ab77-d0771accc5e1,Scott Rowe,25,Diazmouth,Gold,iOS,13789,1
cc726325-6bcb-4129-9c26-0cd0078dd974,Bonnie Lane,45,Collinsborough,Gold,Android,10063,1
e56904fc-fdfe-4497-9b7b-fa38d7bb8fc2,Natalie Williams,34,Mckaychester,Basic,Android,918,1
8309360a-78c0-4ee1-91b8-4f276286e041,Danielle Yang,31,West Sherylfurt,Gold,iOS,13933,0
aacf483d-b49b-44f2-8454-4552d3830e7f,Jessica Craig,44,Bondfurt,Gold,iOS,9979,1
f2944622-b6e9-4ffa-a164-9d061a210e48,Lance Anderson,52,West Loganport,Gold,iOS,12397,0
2218e7a5-b503-4908-82ce-b1952910becf,Jesse Chase,35,Danaview,Basic,Android,1039,1
fadb01ad-8ca3-44a3-a3a8-db7c43a412ae,Jaime Davis,46,Brownborough,Basic,Web,1067,0
27125103-3bdf-40cb-b2d0-218c3f8c8fe7,Amanda Vasquez,36,Lewistown,Silver,iOS,4633,0
16f2b90a-5fdd-457e-b49f-4f526f7207bb,Cynthia Young,45,Suzanneland,Gold,Android,13884,0
b1900457-2777-46a0-a7b7-e32daf08d373,Patricia Johnson,51,West Dawnbury,Silver,Android,4474,0
88185474-b50d-4cff-9188-c6bbb00f86b3,Rodney Kane,48,Maryborough,Basic,iOS,995,0
6dc95314-c0bc-4209-ba44-8f5eb601db4f,Michael Williams,36,Stokesside,Gold,Android,12643,1
60a87d8f-f182-452c-b419-1810b0956368,Wesley French,40,New Mary,Basic,iOS,988,1
5db70c50-3759-4042-844d-37d1ff97b2b4,Erika Hudson MD,30,Elizabethshire,Platinum,iOS,29784,1
63ad7719-019d-46d1-906b-451c4ae73b79,Meghan Gutierrez,28,Harrisontown,Silver,iOS,4413,1
f30d7b89-4dff-44ab-9941-73e347faea68,Kathy Jordan,31,East Nancy,Gold,Android,12060,1
67b96e6f-8f47-4201-aa03-f8363b1be2b3,Katie Perry,27,Karenmouth,Platinum,iOS,25045,0
53629089-a169-446b-8dfb-c0207b155d45,Lisa Johnson,31,South Kristina,Silver,Android,4987,0
aaa1d786-463f-4370-8833-67998b9df78f,Chelsea Mullins,27,Markhaven,Platinum,iOS,27296,1
c09ef9ef-35fd-420d-a792-48dfaa932819,Joseph Young,18,Fordshire,Platinum,Android,31294,1
d2da4fc9-c4f0-4704-9f33-c7f73e036305,Meghan Brown,19,Harriston,Gold,Web,13541,1
14a5e78c-0572-4435-baea-e9c26ba2849e,Judith Hopkins,30,Port Julie,Basic,iOS,1041,0
de83ab88-8d04-4f14-b971-aa53bb2434ca,Evan Norris,36,South David,Basic,iOS,982,1
5211c415-a085-4d91-9fc5-f27070d52bf0,Bonnie Nelson,32,Erikfort,Gold,iOS,9984,1
9bea95cd-8f0b-4483-b381-aecaf72fe4fb,Wendy Jackson,25,North Monicabury,Platinum,Android,32144,1
ed822af8-7381-4d82-b50a-2aea3b35a760,Jeremy Mullen,34,Port Angiehaven,Silver,Web,5225,0
9d6075ab-851f-4650-99a0-ea9678843013,Jennifer Carroll,35,Adrianashire,Gold,iOS,13931,1
86df0b1f-0736-4f3d-b8c3-44fda248044c,Ashley Benitez,23,North Tommy,Basic,iOS,918,1
3d72aa75-29dc-43e5-a318-051f6aedb03c,Carrie Anderson,36,Port Adam,Silver,iOS,4246,0
d834db4e-1633-4c24-8fcd-66b7748221b0,Donna Holland,47,South Josemouth,Silver,Android,5384,0
92926437-5384-4481-bbe3-e8612d3c84a0,Mr. Mark Mcgee,26,Mikeville,Silver,iOS,4612,0
0966cdf8-fe1b-4b45-acf2-005cd7beb1de,Meagan Walker,48,Port James,Gold,Android,13999,0
b1153582-8998-4482-bb81-3521dcfb3c65,Scott Ford,32,New Tamara,Basic,Android,948,0
ea1726f1-d62b-4a8f-a720-82da72662a91,Melissa Mayo,45,Lake Emily,Basic,iOS,972,1
06cbf4ed-9d78-4d34-9f2f-8d05de9b616c,Peter Williams,46,Lake Douglasborough,Gold,iOS,10341,1
c96490c5-3ee4-405e-9997-9e9a89782204,Tiffany Bonilla,48,Faithmouth,Basic,iOS,963,1
75b91f4e-71ee-4253-ab99-b406e851594a,Ashley Williams,48,East Jenniferport,Silver,Android,4729,1
d6f6e75c-0c8a-4b50-b77d-0a6fcf369074,Jasmine Watson,34,Port Ashley,Silver,iOS,4971,1
44b08e73-5e1f-4c7d-9c6c-ba5f274f2ca0,Amber Allen,37,South Jeff,Silver,Web,4768,1
2914b3c6-1cc9-489a-a3f7-b0a6630afbad,Scott Lowe,34,South Aprilland,Basic,iOS,1102,0
017c445b-ae69-48ff-8504-2fb15a24e4b6,Jonathan Butler,31,East Jonathan,Basic,Web,846,0
6a9bf29e-790e-48e0-8a67-7dbc744ad282,Melinda Castillo,41,North Corey,Silver,Android,5968,1
220ad78a-8d2f-41c2-ae22-f445f1364d5d,David Rasmussen,31,Juanside,Platinum,iOS,28626,1
d087d344-7933-45a4-88e3-b76547c61b62,Gregory Crosby,23,Angelastad,Silver,Android,5523,0
3bdbf169-6450-4114-a2c1-d30972c673de,Lisa Mccoy,36,North Janice,Silver,iOS,4518,1
84a32821-7b80-4cce-8395-c88846c0e48d,Dylan Nelson,33,Williamsberg,Basic,Web,1023,0
f56ef0be-fb43-45a5-959b-dd114b59d7ee,Bradley Newton,30,North Michael,Silver,iOS,4888,0
abc5fc76-d17c-4e06-a8f9-8cfaff48bb12,Dawn Nelson,18,Lake Christophermouth,Platinum,Android,31480,0
246a1c89-4cdf-466f-96b5-d74ac77d9935,Mark Santos,32,Port Christinahaven,Silver,iOS,4790,1
fa89fbdb-e532-4667-a208-015d4d5c56e0,Jonathan Cooley,61,North Teresafort,Basic,Web,1163,0
7f8dfe6f-9b9a-4b07-84ac-84efd6817042,Brandy Gomez,19,New Rickey,Silver,Android,4261,0
449995a6-096b-42df-bd1f-04ac419552ab,Travis Reeves,37,Hallside,Basic,Android,1177,1
609aed4b-3b46-495b-924a-0cfd8fa56dcd,Douglas Webb,31,Samanthaberg,Silver,Web,4966,0
57e6a112-b19a-46f9-b392-704b0d74e6b3,John Mays,18,Valenciaborough,Basic,iOS,1104,1
d93aabe2-7f2d-4053-bb1c-68fc06ed98b8,Mary Ellis,47,North Jane,Silver,Android,5154,0
585b0773-d15d-4174-a0b8-26c7d89f9823,Tammie Anderson,34,Lake Jeremy,Gold,Android,12352,0
53b5fc84-7ae1-447e-8a4f-60e3827624f2,Regina Howard,37,Christinefort,Basic,iOS,1141,0
60f0e6e2-5c2b-40ca-be0c-64a07fd93991,Rhonda Fernandez,40,Port Curtischester,Silver,Web,4038,0
08e4e1fc-bfa9-44e8-8eb1-607ed639db98,Kristin Crawford,18,Natalieberg,Silver,Android,5385,1
c83ad3c3-9067-48e3-8df1-486c826ca67f,Mitchell Robertson,25,Andrewtown,Gold,iOS,10611,0
afc080f7-f840-4a55-809c-64656687f222,Katelyn Ortiz,21,South Josephville,Basic,Web,1070,0
c2b4cc56-044c-4671-be53-d61d80a3aa3f,Meghan Mahoney,42,Lake David,Gold,iOS,13216,0
ce7eb6bd-8e4c-4ccb-8ac2-13ec9cdd057b,Amber Martinez,40,East Nathanland,Silver,Android,5691,0
47ec2f1c-5688-4e5e-829d-66827d0d4c51,Roberto Allen,34,New Albertstad,Basic,iOS,962,1
0691fd59-6dcc-4864-b135-aa9c3c42d538,Paul Smith,26,Port Danielport,Basic,iOS,1123,0
5ee92b39-2181-4b87-b7f2-362f438b72ae,Anita Arroyo,18,East Davidville,Basic,Android,1117,0
138ca120-222f-4070-8951-4c6dbd76ef94,Julia Powell,37,Williamfurt,Basic,iOS,961,1
817c1b5e-d9cb-4cc8-aa95-727739254e1f,William Edwards,27,West Ashley,Gold,Web,11544,0
4c1e4652-8882-4ddc-8e89-0fb489664a31,Brandi Keller,25,Irwinchester,Basic,Android,890,0
def5c6db-e2f9-4699-b562-c59a4fc2e0a6,Yolanda Ross,35,Wolfeville,Basic,Android,849,0
1966d70a-6078-49cd-8cf1-b66491381b65,Peter Stone,37,Port Debbiehaven,Silver,iOS,5171,0
3aafab81-9aac-48a9-8148-cba418641d6e,Elizabeth Lara,37,Port John,Basic,Android,1129,0
034ea333-be65-44ee-9ff1-5f62af5c4eda,Michael Herrera,30,Port Adam,Silver,Android,4285,0
6667fa9f-e653-490e-97c3-52d04d8336e3,Kristen Christian,34,East Christineview,Basic,iOS,1051,1
d57c15e2-8c1b-47f4-a337-f17f62e07a8c,Cynthia Lopez,18,Judystad,Gold,iOS,9600,1
4b680e6d-1cc2-4eb8-ba2d-3d0c1f085ebc,John Stafford,31,South Julia,Gold,iOS,10784,0
163eec3f-9e72-4b75-b225-8a40b2afce32,Ryan Friedman,36,Lake Josephburgh,Basic,iOS,944,1
5150afd5-db2b-42b4-af10-d9d392d9c0be,Laura Lewis,30,Hillton,Gold,Android,11682,0
3f8e4836-e88f-4e36-897f-61d7bff70cc9,Thomas Yang,43,Port Jessica,Basic,Web,835,0
